1,Loise,Meron,lmeron0@goodreads.com,517-476-0190,15
2,Averil,Tozer,atozer1@accuweather.com,544-636-8506,5
3,Juliann,Laux,jlaux2@hhs.gov,133-716-8761,8
4,Catherin,Lownsbrough,clownsbrough3@livejournal.com,868-138-0019,6
5,Cherrita,Thay,cthay4@cbslocal.com,993-977-5216,14
6,Frasquito,Geary,fgeary5@theguardian.com,344-183-0848,3
7,Wilbert,Prout,wprout6@wisc.edu,467-957-8574,12
8,Korey,McGucken,kmcgucken7@pen.io,657-379-3360,6
9,Pollyanna,Boddy,pboddy8@indiegogo.com,514-252-4310,6
10,Herschel,Finlater,hfinlater9@house.gov,158-968-0109,13
11,Christy,de Zamora,cdezamoraa@wikispaces.com,503-781-7119,9
12,Gabe,Blethin,gblethinb@furl.net,382-201-2363,3
13,Ange,Oates,aoatesc@google.co.uk,345-337-5765,3
14,Corrie,Blundon,cblundond@tinypic.com,571-882-6825,5
15,Auria,Weatherburn,aweatherburne@geocities.com,765-503-6554,1
16,Antonietta,Van T'Hoog,avanthoogf@angelfire.com,961-394-8249,1
17,Chevy,Speeding,cspeedingg@infoseek.co.jp,336-357-7412,9
18,Maurita,Carle,mcarleh@goodreads.com,910-778-8908,2
19,Haleigh,Allatt,hallatti@fotki.com,877-809-9149,8
20,Reginauld,McFarlan,rmcfarlanj@fda.gov,518-585-6780,10